# Waveshare 10.1" P4 partition table (v3, 2026-06-11)
# factory at 0x10000 to work around esphome serial upload hardcode
# (esphome/__main__.py:876 hardcodes 0x10000 for ESP32). nvs shrunk
# 24KB -> 16KB to make room for otadata right before factory.
# 32MB flash layout. Also fits 16MB flash (1.9MB free).
# End: 0xe10000 (~14.1MB used, ~18MB free on 32MB).
nvs,        data, nvs,      0x9000,    0x4000,
otadata,    data, ota,      0xd000,    0x2000,
phy_init,   data, phy,      0xf000,    0x1000,
factory,    app,  factory,  0x10000,   0x400000,
ota_0,      app,  ota_0,    0x410000,  0x400000,
ota_1,      app,  ota_1,    0x810000,  0x400000,
storage,    data, littlefs, 0xc10000,  0x200000,
